data,hora,temperatura
04/01/2021,00:00:00,22.8
04/01/2021,01:00:00,22.8
04/01/2021,02:00:00,22.6
04/01/2021,03:00:00,22
04/01/2021,04:00:00,22
04/01/2021,05:00:00,22.1
04/01/2021,06:00:00,22.5
04/01/2021,07:00:00,23.2
04/01/2021,08:00:00,25
04/01/2021,09:00:00,26
04/01/2021,10:00:00,27.6
04/01/2021,11:00:00,28.8
04/01/2021,12:00:00,29.4
04/01/2021,13:00:00,29.3
04/01/2021,14:00:00,30.2
04/01/2021,15:00:00,29.8
04/01/2021,16:00:00,28.6
04/01/2021,17:00:00,27
04/01/2021,18:00:00,25.8
04/01/2021,19:00:00,24.8
04/01/2021,20:00:00,24
04/01/2021,21:00:00,23.8
04/01/2021,22:00:00,23.6
04/01/2021,23:00:00,23
04/02/2021,00:00:00,22.6
04/02/2021,01:00:00,22.6
04/02/2021,02:00:00,22.6
04/02/2021,03:00:00,22.5
04/02/2021,04:00:00,22
04/02/2021,05:00:00,21.6
04/02/2021,06:00:00,22
04/02/2021,07:00:00,22.3
04/02/2021,08:00:00,24.3
04/02/2021,09:00:00,26.2
04/02/2021,10:00:00,27.2
04/02/2021,11:00:00,28.4
04/02/2021,12:00:00,29
04/02/2021,13:00:00,30.1
04/02/2021,14:00:00,30.3
04/02/2021,15:00:00,30.7
04/02/2021,16:00:00,29.8
04/02/2021,17:00:00,28.6
04/02/2021,18:00:00,26.8
04/02/2021,19:00:00,25.6
04/02/2021,20:00:00,24.6
04/02/2021,21:00:00,23.2
04/02/2021,22:00:00,22.8
04/02/2021,23:00:00,22.5
04/03/2021,00:00:00,22.1
04/03/2021,01:00:00,21.6
04/03/2021,02:00:00,21.6
04/03/2021,03:00:00,21.6
04/03/2021,04:00:00,21.5
04/03/2021,05:00:00,21
04/03/2021,06:00:00,21.6
04/03/2021,07:00:00,23
04/03/2021,08:00:00,24.2
04/03/2021,09:00:00,26
04/03/2021,10:00:00,26.9
04/03/2021,11:00:00,28.8
04/03/2021,12:00:00,30
04/03/2021,13:00:00,29.7
04/03/2021,14:00:00,26.6
04/03/2021,15:00:00,24.1
04/03/2021,16:00:00,24.8
04/03/2021,17:00:00,23.8
04/03/2021,18:00:00,23.1
04/03/2021,19:00:00,23
04/03/2021,20:00:00,22.8
04/03/2021,21:00:00,22.8
04/03/2021,22:00:00,22.8
04/03/2021,23:00:00,22.1
04/04/2021,00:00:00,21.6
04/04/2021,01:00:00,22
04/04/2021,02:00:00,21.6
04/04/2021,03:00:00,22
04/04/2021,04:00:00,21.6
04/04/2021,05:00:00,21.6
04/04/2021,06:00:00,22.1
04/04/2021,07:00:00,23
04/04/2021,08:00:00,24
04/04/2021,09:00:00,25.5
04/04/2021,10:00:00,26.2
04/04/2021,11:00:00,27.6
04/04/2021,12:00:00,28
04/04/2021,13:00:00,29
04/04/2021,14:00:00,29.4
04/04/2021,15:00:00,29.6
04/04/2021,16:00:00,28.6
04/04/2021,17:00:00,27.3
04/04/2021,18:00:00,25.8
04/04/2021,19:00:00,24.6
04/04/2021,20:00:00,23.8
04/04/2021,21:00:00,23.6
04/04/2021,22:00:00,23.6
04/04/2021,23:00:00,23
04/05/2021,00:00:00,22.5
04/05/2021,01:00:00,22.5
04/05/2021,02:00:00,22.1
04/05/2021,03:00:00,22.1
04/05/2021,04:00:00,22.1
04/05/2021,05:00:00,22
04/05/2021,06:00:00,21.6
04/05/2021,07:00:00,22.3
04/05/2021,08:00:00,24
04/05/2021,09:00:00,23.6
04/05/2021,10:00:00,25.6
04/05/2021,11:00:00,23.7
04/05/2021,12:00:00,26.8
04/05/2021,13:00:00,28.8
04/05/2021,14:00:00,28.3
04/05/2021,15:00:00,28.5
04/05/2021,16:00:00,27.6
04/05/2021,17:00:00,26.6
04/05/2021,18:00:00,25.4
04/05/2021,19:00:00,24.6
04/05/2021,20:00:00,23.6
04/05/2021,21:00:00,22.8
04/05/2021,22:00:00,22.6
04/05/2021,23:00:00,22
04/06/2021,00:00:00,21.6
04/06/2021,01:00:00,21.5
04/06/2021,02:00:00,21.1
04/06/2021,03:00:00,21
04/06/2021,04:00:00,21.1
04/06/2021,05:00:00,21.1
04/06/2021,06:00:00,21.6
04/06/2021,07:00:00,23
04/06/2021,08:00:00,23.8
04/06/2021,09:00:00,25.8
04/06/2021,10:00:00,27.6
04/06/2021,11:00:00,28
04/06/2021,12:00:00,29.6
04/06/2021,13:00:00,30.2
04/06/2021,14:00:00,30.8
04/06/2021,15:00:00,30
04/06/2021,16:00:00,29.8
04/06/2021,17:00:00,28.3
04/06/2021,18:00:00,26.1
04/06/2021,19:00:00,24.8
04/06/2021,20:00:00,23.8
04/06/2021,21:00:00,22.8
04/06/2021,22:00:00,22.8
04/06/2021,23:00:00,22
04/07/2021,00:00:00,21.6
04/07/2021,01:00:00,21.6
04/07/2021,02:00:00,21.6
04/07/2021,03:00:00,21.5
04/07/2021,04:00:00,21.6
04/07/2021,05:00:00,21.6
04/07/2021,06:00:00,22.1
04/07/2021,07:00:00,23
04/07/2021,08:00:00,24
04/07/2021,09:00:00,26.5
04/07/2021,10:00:00,27.2
04/07/2021,11:00:00,29.2
04/07/2021,12:00:00,30.1
04/07/2021,13:00:00,29.8
04/07/2021,14:00:00,30.3
04/07/2021,15:00:00,29.8
04/07/2021,16:00:00,29.1
04/07/2021,17:00:00,27.8
04/07/2021,18:00:00,26.6
04/07/2021,19:00:00,25.1
04/07/2021,20:00:00,24
04/07/2021,21:00:00,23.8
04/07/2021,22:00:00,23
04/07/2021,23:00:00,22.5
04/08/2021,00:00:00,22.2
04/08/2021,01:00:00,22.1
04/08/2021,02:00:00,22
04/08/2021,03:00:00,21.6
04/08/2021,04:00:00,21.6
04/08/2021,05:00:00,21.6
04/08/2021,06:00:00,22
04/08/2021,07:00:00,23
04/08/2021,08:00:00,24.3
04/08/2021,09:00:00,25.4
04/08/2021,10:00:00,27.8
04/08/2021,11:00:00,28.6
04/08/2021,12:00:00,29.8
04/08/2021,13:00:00,30
04/08/2021,14:00:00,30.6
04/08/2021,15:00:00,30.4
04/08/2021,16:00:00,29.3
04/08/2021,17:00:00,27
04/08/2021,18:00:00,26.4
04/08/2021,19:00:00,24.8
04/08/2021,20:00:00,24
04/08/2021,21:00:00,23.8
04/08/2021,22:00:00,23
04/08/2021,23:00:00,23
04/09/2021,00:00:00,22.6
04/09/2021,01:00:00,22.5
04/09/2021,02:00:00,22.1
04/09/2021,03:00:00,22.1
04/09/2021,04:00:00,22.1
04/09/2021,05:00:00,22.1
04/09/2021,06:00:00,22.8
04/09/2021,07:00:00,24
04/09/2021,08:00:00,24.3
04/09/2021,09:00:00,25.6
04/09/2021,10:00:00,27
04/09/2021,11:00:00,28.3
04/09/2021,12:00:00,28.3
04/09/2021,13:00:00,29.2
04/09/2021,14:00:00,29.6
04/09/2021,15:00:00,28.8
04/09/2021,16:00:00,28.4
04/09/2021,17:00:00,27
04/09/2021,18:00:00,26
04/09/2021,19:00:00,25.2
04/09/2021,20:00:00,21.8
04/09/2021,21:00:00,22
04/09/2021,22:00:00,22
04/09/2021,23:00:00,21.6
04/10/2021,00:00:00,22.1
04/10/2021,01:00:00,21.6
04/10/2021,02:00:00,21.6
04/10/2021,03:00:00,21.6
04/10/2021,04:00:00,21.5
04/10/2021,05:00:00,21.6
04/10/2021,06:00:00,22.1
04/10/2021,07:00:00,23.3
04/10/2021,08:00:00,24.2
04/10/2021,09:00:00,26.2
04/10/2021,10:00:00,26.8
04/10/2021,11:00:00,28.2
04/10/2021,12:00:00,23.2
04/10/2021,13:00:00,26
04/10/2021,14:00:00,25.8
04/10/2021,15:00:00,23.4
04/10/2021,16:00:00,23.4
04/10/2021,17:00:00,23.6
04/10/2021,18:00:00,22.8
04/10/2021,19:00:00,22.8
04/10/2021,20:00:00,22.8
04/10/2021,21:00:00,22.6
04/10/2021,22:00:00,22.6
04/10/2021,23:00:00,22
04/11/2021,00:00:00,21.6
04/11/2021,01:00:00,21.6
04/11/2021,02:00:00,21.6
04/11/2021,03:00:00,21.5
04/11/2021,04:00:00,21.1
04/11/2021,05:00:00,21.1
04/11/2021,06:00:00,21.1
04/11/2021,07:00:00,22
04/11/2021,08:00:00,24
04/11/2021,09:00:00,24.8
04/11/2021,10:00:00,26.8
04/11/2021,11:00:00,27.4
04/11/2021,12:00:00,28
04/11/2021,13:00:00,25
04/11/2021,14:00:00,23.4
04/11/2021,15:00:00,23
04/11/2021,16:00:00,23.6
04/11/2021,17:00:00,23.6
04/11/2021,18:00:00,22.8
04/11/2021,19:00:00,22.6
04/11/2021,20:00:00,22.6
04/11/2021,21:00:00,22.9
04/11/2021,22:00:00,23
04/11/2021,23:00:00,22
04/12/2021,00:00:00,21.6
04/12/2021,01:00:00,21.5
04/12/2021,02:00:00,21.5
04/12/2021,03:00:00,21.1
04/12/2021,04:00:00,21.1
04/12/2021,05:00:00,20.7
04/12/2021,06:00:00,21
04/12/2021,07:00:00,23
04/12/2021,08:00:00,24.4
04/12/2021,09:00:00,26
04/12/2021,10:00:00,26.3
04/12/2021,11:00:00,27.3
04/12/2021,12:00:00,28.6
04/12/2021,13:00:00,27.8
04/12/2021,14:00:00,27.3
04/12/2021,15:00:00,27.7
04/12/2021,16:00:00,26.6
04/12/2021,17:00:00,25.3
04/12/2021,18:00:00,23.6
04/12/2021,19:00:00,23.6
04/12/2021,20:00:00,23.6
04/12/2021,21:00:00,22.8
04/12/2021,22:00:00,22.8
04/12/2021,23:00:00,22.5
04/13/2021,00:00:00,22.1
04/13/2021,01:00:00,22.1
04/13/2021,02:00:00,22.1
04/13/2021,03:00:00,22.1
04/13/2021,04:00:00,22
04/13/2021,05:00:00,22.1
04/13/2021,06:00:00,22.5
04/13/2021,07:00:00,23
04/13/2021,08:00:00,24
04/13/2021,09:00:00,25
04/13/2021,10:00:00,27.4
04/13/2021,11:00:00,27.8
04/13/2021,12:00:00,28.3
04/13/2021,13:00:00,29.3
04/13/2021,14:00:00,29.6
04/13/2021,15:00:00,29.6
04/13/2021,16:00:00,28.3
04/13/2021,17:00:00,26.1
04/13/2021,18:00:00,25.1
04/13/2021,19:00:00,24.6
04/13/2021,20:00:00,23.6
04/13/2021,21:00:00,23.6
04/13/2021,22:00:00,23
04/13/2021,23:00:00,22.6
04/14/2021,00:00:00,23
04/14/2021,01:00:00,22.6
04/14/2021,02:00:00,22.5
04/14/2021,03:00:00,22.5
04/14/2021,04:00:00,22.1
04/14/2021,05:00:00,22.5
04/14/2021,06:00:00,22.3
04/14/2021,07:00:00,24
04/14/2021,08:00:00,25
04/14/2021,09:00:00,26.7
04/14/2021,10:00:00,27.2
04/14/2021,11:00:00,28.6
04/14/2021,12:00:00,27.3
04/14/2021,13:00:00,25.7
04/14/2021,14:00:00,25.3
04/14/2021,15:00:00,25.1
04/14/2021,16:00:00,24
04/14/2021,17:00:00,23.8
04/14/2021,18:00:00,23.8
04/14/2021,19:00:00,23.8
04/14/2021,20:00:00,23.6
04/14/2021,21:00:00,23.6
04/14/2021,22:00:00,23
04/14/2021,23:00:00,23
04/15/2021,00:00:00,22.6
04/15/2021,01:00:00,22.5
04/15/2021,02:00:00,22.1
04/15/2021,03:00:00,22.1
04/15/2021,04:00:00,22.1
04/15/2021,05:00:00,22.1
04/15/2021,06:00:00,22.1
04/15/2021,07:00:00,22.8
04/15/2021,08:00:00,23.3
04/15/2021,09:00:00,24.9
04/15/2021,10:00:00,27
04/15/2021,11:00:00,26.8
04/15/2021,12:00:00,26
04/15/2021,13:00:00,24.1
04/15/2021,14:00:00,23.3
04/15/2021,15:00:00,23.2
04/15/2021,16:00:00,22.6
04/15/2021,17:00:00,22.4
04/15/2021,18:00:00,21.8
04/15/2021,19:00:00,22
04/15/2021,20:00:00,22
04/15/2021,21:00:00,21.8
04/15/2021,22:00:00,21.8
04/15/2021,23:00:00,21.5
04/16/2021,00:00:00,21
04/16/2021,01:00:00,21.1
04/16/2021,02:00:00,21.1
04/16/2021,03:00:00,21.6
04/16/2021,04:00:00,22.4
04/16/2021,05:00:00,22.8
04/16/2021,06:00:00,23.7
04/16/2021,07:00:00,22
04/16/2021,08:00:00,24
04/16/2021,09:00:00,25.2
04/16/2021,10:00:00,26.4
04/16/2021,11:00:00,27.4
04/16/2021,12:00:00,27.8
04/16/2021,13:00:00,28.4
04/16/2021,14:00:00,27.6
04/16/2021,15:00:00,27.1
04/16/2021,16:00:00,25.6
04/16/2021,17:00:00,24.6
04/16/2021,18:00:00,23.8
04/16/2021,19:00:00,23.8
04/16/2021,20:00:00,23.6
04/16/2021,21:00:00,22.8
04/16/2021,22:00:00,22.8
04/16/2021,23:00:00,22.5
04/17/2021,00:00:00,22.1
04/17/2021,01:00:00,22
04/17/2021,02:00:00,22.1
04/17/2021,03:00:00,22.5
04/17/2021,04:00:00,23.1
04/17/2021,05:00:00,23.6
04/17/2021,06:00:00,24.8
04/17/2021,07:00:00,22.8
04/17/2021,08:00:00,23.8
04/17/2021,09:00:00,25
04/17/2021,10:00:00,27
04/17/2021,11:00:00,26.3
04/17/2021,12:00:00,27.3
04/17/2021,13:00:00,28.5
04/17/2021,14:00:00,27.4
04/17/2021,15:00:00,27.3
04/17/2021,16:00:00,27
04/17/2021,17:00:00,24.3
04/17/2021,18:00:00,23.6
04/17/2021,19:00:00,23.6
04/17/2021,20:00:00,23
04/17/2021,21:00:00,22.8
04/17/2021,22:00:00,22
04/17/2021,23:00:00,21.6
04/18/2021,00:00:00,21.5
04/18/2021,01:00:00,21.5
04/18/2021,02:00:00,21.5
04/18/2021,03:00:00,21.8
04/18/2021,04:00:00,22.7
04/18/2021,05:00:00,23.2
04/18/2021,06:00:00,24
04/18/2021,07:00:00,22.3
04/18/2021,08:00:00,23.8
04/18/2021,09:00:00,24.8
04/18/2021,10:00:00,26.4
04/18/2021,11:00:00,25.9
04/18/2021,12:00:00,23.6
04/18/2021,13:00:00,23.8
04/18/2021,14:00:00,23.1
04/18/2021,15:00:00,23.2
04/18/2021,16:00:00,24
04/18/2021,17:00:00,23.4
04/18/2021,18:00:00,21.8
04/18/2021,19:00:00,21.6
04/18/2021,20:00:00,21.6
04/18/2021,21:00:00,21.8
04/18/2021,22:00:00,21.8
04/18/2021,23:00:00,21.6
04/19/2021,00:00:00,21.6
04/19/2021,01:00:00,21.6
04/19/2021,02:00:00,21.5
04/19/2021,03:00:00,22.3
04/19/2021,04:00:00,22.9
04/19/2021,05:00:00,23.4
04/19/2021,06:00:00,24.6
04/19/2021,07:00:00,22.8
04/19/2021,08:00:00,23.8
04/19/2021,09:00:00,25.2
04/19/2021,10:00:00,26.4
04/19/2021,11:00:00,27.3
04/19/2021,12:00:00,28.6
04/19/2021,13:00:00,28.8
04/19/2021,14:00:00,29.6
04/19/2021,15:00:00,27.3
04/19/2021,16:00:00,26
04/19/2021,17:00:00,24.6
04/19/2021,18:00:00,23.8
04/19/2021,19:00:00,23.6
04/19/2021,20:00:00,23.6
04/19/2021,21:00:00,22.8
04/19/2021,22:00:00,22.8
04/19/2021,23:00:00,22.5
04/20/2021,00:00:00,22.1
04/20/2021,01:00:00,22.1
04/20/2021,02:00:00,22.1
04/20/2021,03:00:00,22.5
04/20/2021,04:00:00,22.9
04/20/2021,05:00:00,23.5
04/20/2021,06:00:00,24.2
04/20/2021,07:00:00,22.8
04/20/2021,08:00:00,24
04/20/2021,09:00:00,25.3
04/20/2021,10:00:00,26
04/20/2021,11:00:00,29
04/20/2021,12:00:00,28
04/20/2021,13:00:00,30
04/20/2021,14:00:00,30
04/20/2021,15:00:00,30.9
04/20/2021,16:00:00,30
04/20/2021,17:00:00,28
04/20/2021,18:00:00,26.3
04/20/2021,19:00:00,24.8
04/20/2021,20:00:00,23.8
04/20/2021,21:00:00,23.8
04/20/2021,22:00:00,23.6
04/20/2021,23:00:00,23
04/21/2021,00:00:00,23
04/21/2021,01:00:00,22.6
04/21/2021,02:00:00,22.6
04/21/2021,03:00:00,23.3
04/21/2021,04:00:00,23.7
04/21/2021,05:00:00,24.2
04/21/2021,06:00:00,25.5
04/21/2021,07:00:00,24
04/21/2021,08:00:00,25
04/21/2021,09:00:00,26
04/21/2021,10:00:00,28
04/21/2021,11:00:00,28
04/21/2021,12:00:00,29.2
04/21/2021,13:00:00,29.6
04/21/2021,14:00:00,30.3
04/21/2021,15:00:00,29.8
04/21/2021,16:00:00,28.6
04/21/2021,17:00:00,27.2
04/21/2021,18:00:00,26.3
04/21/2021,19:00:00,24.6
04/21/2021,20:00:00,23.8
04/21/2021,21:00:00,23.6
04/21/2021,22:00:00,23
04/21/2021,23:00:00,23
04/22/2021,00:00:00,23
04/22/2021,01:00:00,22.6
04/22/2021,02:00:00,22.6
04/22/2021,03:00:00,23.4
04/22/2021,04:00:00,23.9
04/22/2021,05:00:00,24.4
04/22/2021,06:00:00,25.8
04/22/2021,07:00:00,24
04/22/2021,08:00:00,25.2
04/22/2021,09:00:00,26
04/22/2021,10:00:00,27.6
04/22/2021,11:00:00,28.8
04/22/2021,12:00:00,29.6
04/22/2021,13:00:00,29.8
04/22/2021,14:00:00,30.6
04/22/2021,15:00:00,29.4
04/22/2021,16:00:00,27.8
04/22/2021,17:00:00,26.4
04/22/2021,18:00:00,25.6
04/22/2021,19:00:00,24.6
04/22/2021,20:00:00,23.8
04/22/2021,21:00:00,23.8
04/22/2021,22:00:00,23
04/22/2021,23:00:00,23
04/23/2021,00:00:00,22.6
04/23/2021,01:00:00,22.5
04/23/2021,02:00:00,22.5
04/23/2021,03:00:00,22.1
04/23/2021,04:00:00,22.5
04/23/2021,05:00:00,22
04/23/2021,06:00:00,22.6
04/23/2021,07:00:00,23.5
04/23/2021,08:00:00,25
04/23/2021,09:00:00,26.6
04/23/2021,10:00:00,27.8
04/23/2021,11:00:00,29.3
04/23/2021,12:00:00,29.6
04/23/2021,13:00:00,29.6
04/23/2021,14:00:00,30.2
04/23/2021,15:00:00,30.1
04/23/2021,16:00:00,29.7
04/23/2021,17:00:00,27.3
04/23/2021,18:00:00,25.6
04/23/2021,19:00:00,24.8
04/23/2021,20:00:00,25
04/23/2021,21:00:00,23.8
04/23/2021,22:00:00,23.6
04/23/2021,23:00:00,22.6
04/24/2021,00:00:00,22.5
04/24/2021,01:00:00,22.1
04/24/2021,02:00:00,22.1
04/24/2021,03:00:00,22
04/24/2021,04:00:00,21.6
04/24/2021,05:00:00,21.5
04/24/2021,06:00:00,21.6
04/24/2021,07:00:00,23
04/24/2021,08:00:00,25
04/24/2021,09:00:00,25.5
04/24/2021,10:00:00,26.4
04/24/2021,11:00:00,26.3
04/24/2021,12:00:00,25.5
04/24/2021,13:00:00,28
04/24/2021,14:00:00,28.8
04/24/2021,15:00:00,29.5
04/24/2021,16:00:00,28.6
04/24/2021,17:00:00,27.2
04/24/2021,18:00:00,25.6
04/24/2021,19:00:00,24.6
04/24/2021,20:00:00,23.6
04/24/2021,21:00:00,22.8
04/24/2021,22:00:00,22
04/24/2021,23:00:00,21.6
04/25/2021,00:00:00,21.6
04/25/2021,01:00:00,22
04/25/2021,02:00:00,21.6
04/25/2021,03:00:00,21.1
04/25/2021,04:00:00,21.1
04/25/2021,05:00:00,21.1
04/25/2021,06:00:00,21.5
04/25/2021,07:00:00,22.6
04/25/2021,08:00:00,24.4
04/25/2021,09:00:00,25.3
04/25/2021,10:00:00,26.6
04/25/2021,11:00:00,27.8
04/25/2021,12:00:00,29.4
04/25/2021,13:00:00,28.8
04/25/2021,14:00:00,29.6
04/25/2021,15:00:00,30.1
04/25/2021,16:00:00,29.4
04/25/2021,17:00:00,27.6
04/25/2021,18:00:00,25.6
04/25/2021,19:00:00,24.8
04/25/2021,20:00:00,23.8
04/25/2021,21:00:00,23.6
04/25/2021,22:00:00,22.8
04/25/2021,23:00:00,22.5
04/26/2021,00:00:00,22.5
04/26/2021,01:00:00,22.1
04/26/2021,02:00:00,22
04/26/2021,03:00:00,22
04/26/2021,04:00:00,22.1
04/26/2021,05:00:00,22
04/26/2021,06:00:00,22.1
04/26/2021,07:00:00,23.2
04/26/2021,08:00:00,24.8
04/26/2021,09:00:00,26.7
04/26/2021,10:00:00,27.8
04/26/2021,11:00:00,29
04/26/2021,12:00:00,29.6
04/26/2021,13:00:00,29.6
04/26/2021,14:00:00,30.6
04/26/2021,15:00:00,30.3
04/26/2021,16:00:00,28.1
04/26/2021,17:00:00,27.4
04/26/2021,18:00:00,25.6
04/26/2021,19:00:00,24.6
04/26/2021,20:00:00,23.6
04/26/2021,21:00:00,22.9
04/26/2021,22:00:00,22.6
04/26/2021,23:00:00,22.1
04/27/2021,00:00:00,22.1
04/27/2021,01:00:00,22
04/27/2021,02:00:00,21.6
04/27/2021,03:00:00,21.6
04/27/2021,04:00:00,22
04/27/2021,05:00:00,21.6
04/27/2021,06:00:00,22.5
04/27/2021,07:00:00,23
04/27/2021,08:00:00,24.8
04/27/2021,09:00:00,26.7
04/27/2021,10:00:00,27.6
04/27/2021,11:00:00,28.4
04/27/2021,12:00:00,29.6
04/27/2021,13:00:00,30.6
04/27/2021,14:00:00,30.6
04/27/2021,15:00:00,30.5
04/27/2021,16:00:00,29.6
04/27/2021,17:00:00,28.4
04/27/2021,18:00:00,26.6
04/27/2021,19:00:00,25.6
04/27/2021,20:00:00,24.6
04/27/2021,21:00:00,23.8
04/27/2021,22:00:00,23.6
04/27/2021,23:00:00,23
04/28/2021,00:00:00,23.1
04/28/2021,01:00:00,22.6
04/28/2021,02:00:00,22.5
04/28/2021,03:00:00,21.5
04/28/2021,04:00:00,21.6
04/28/2021,05:00:00,22
04/28/2021,06:00:00,23
04/28/2021,07:00:00,23.3
04/28/2021,08:00:00,24.2
04/28/2021,09:00:00,26
04/28/2021,10:00:00,23.6
04/28/2021,11:00:00,25.3
04/28/2021,12:00:00,27.4
04/28/2021,13:00:00,28.2
04/28/2021,14:00:00,27.8
04/28/2021,15:00:00,26.8
04/28/2021,16:00:00,26
04/28/2021,17:00:00,24.6
04/28/2021,18:00:00,23.8
04/28/2021,19:00:00,23.8
04/28/2021,20:00:00,23
04/28/2021,21:00:00,22.8
04/28/2021,22:00:00,22.8
04/28/2021,23:00:00,22.1
04/29/2021,00:00:00,22
04/29/2021,01:00:00,22.1
04/29/2021,02:00:00,21.6
04/29/2021,03:00:00,21.5
04/29/2021,04:00:00,21.6
04/29/2021,05:00:00,21.6
04/29/2021,06:00:00,22
04/29/2021,07:00:00,23
04/29/2021,08:00:00,24
04/29/2021,09:00:00,26.5
04/29/2021,10:00:00,26.5
04/29/2021,11:00:00,28.4
04/29/2021,12:00:00,28.6
04/29/2021,13:00:00,28.4
04/29/2021,14:00:00,26.3
04/29/2021,15:00:00,26.8
04/29/2021,16:00:00,25.8
04/29/2021,17:00:00,24.8
04/29/2021,18:00:00,23
04/29/2021,19:00:00,23
04/29/2021,20:00:00,23
04/29/2021,21:00:00,22.8
04/29/2021,22:00:00,22.2
04/29/2021,23:00:00,22.1
04/30/2021,00:00:00,22
04/30/2021,01:00:00,21.6
04/30/2021,02:00:00,21.5
04/30/2021,03:00:00,21.1
04/30/2021,04:00:00,21.1
04/30/2021,05:00:00,20.7
04/30/2021,06:00:00,21.5
04/30/2021,07:00:00,22.2
04/30/2021,08:00:00,23.8
04/30/2021,09:00:00,24.3
04/30/2021,10:00:00,25.8
04/30/2021,11:00:00,25.2
04/30/2021,12:00:00,25
04/30/2021,13:00:00,25.7
04/30/2021,14:00:00,24
04/30/2021,15:00:00,25
04/30/2021,16:00:00,25.1
04/30/2021,17:00:00,22.8
04/30/2021,18:00:00,23
04/30/2021,19:00:00,23
04/30/2021,20:00:00,22.8
04/30/2021,21:00:00,22.6
04/30/2021,22:00:00,21.8
04/30/2021,23:00:00,21.5
05/01/2021,00:00:00,21.1
05/01/2021,01:00:00,21
05/01/2021,02:00:00,20.6
05/01/2021,03:00:00,20.6
05/01/2021,04:00:00,20.5
05/01/2021,05:00:00,20.5
05/01/2021,06:00:00,21.1
05/01/2021,07:00:00,22
05/01/2021,08:00:00,23.6
05/01/2021,09:00:00,24.4
05/01/2021,10:00:00,26.3
05/01/2021,11:00:00,27.2
05/01/2021,12:00:00,25.6
05/01/2021,13:00:00,27
05/01/2021,14:00:00,28
05/01/2021,15:00:00,28
05/01/2021,16:00:00,27.6
05/01/2021,17:00:00,26.3
05/01/2021,18:00:00,24.6
05/01/2021,19:00:00,23.8
05/01/2021,20:00:00,23
05/01/2021,21:00:00,23
05/01/2021,22:00:00,22
05/01/2021,23:00:00,21.6
05/02/2021,00:00:00,21.6
05/02/2021,01:00:00,21.6
05/02/2021,02:00:00,21.6
05/02/2021,03:00:00,21.6
05/02/2021,04:00:00,21.1
05/02/2021,05:00:00,20.6
05/02/2021,06:00:00,21
05/02/2021,07:00:00,22.6
05/02/2021,08:00:00,23.3
05/02/2021,09:00:00,24.5
05/02/2021,10:00:00,26.3
05/02/2021,11:00:00,27
05/02/2021,12:00:00,28
05/02/2021,13:00:00,28.8
05/02/2021,14:00:00,28.6
05/02/2021,15:00:00,28.3
05/02/2021,16:00:00,27.6
05/02/2021,17:00:00,26.6
05/02/2021,18:00:00,25.6
05/02/2021,19:00:00,24.6
05/02/2021,20:00:00,23.8
05/02/2021,21:00:00,23
05/02/2021,22:00:00,22.2
05/02/2021,23:00:00,22
05/03/2021,00:00:00,21.6
05/03/2021,01:00:00,21.6
05/03/2021,02:00:00,21.1
05/03/2021,03:00:00,21.1
05/03/2021,04:00:00,21.1
05/03/2021,05:00:00,21.1
05/03/2021,06:00:00,21.6
05/03/2021,07:00:00,22
05/03/2021,08:00:00,23.3
05/03/2021,09:00:00,25.7
05/03/2021,10:00:00,26.2
05/03/2021,11:00:00,27.2
05/03/2021,12:00:00,27.6
05/03/2021,13:00:00,27.8
05/03/2021,14:00:00,26.6
05/03/2021,15:00:00,27.1
05/03/2021,16:00:00,24
05/03/2021,17:00:00,22.8
05/03/2021,18:00:00,21.4
05/03/2021,19:00:00,21.4
05/03/2021,20:00:00,23
05/03/2021,21:00:00,22.3
05/03/2021,22:00:00,22
05/03/2021,23:00:00,22
05/04/2021,00:00:00,21.6
05/04/2021,01:00:00,21.6
05/04/2021,02:00:00,21.1
05/04/2021,03:00:00,21.1
05/04/2021,04:00:00,21.1
05/04/2021,05:00:00,21.1
05/04/2021,06:00:00,21.1
05/04/2021,07:00:00,21.8
05/04/2021,08:00:00,22.3
05/04/2021,09:00:00,24.2
05/04/2021,10:00:00,25.6
05/04/2021,11:00:00,25.8
05/04/2021,12:00:00,22.8
05/04/2021,13:00:00,23.8
05/04/2021,14:00:00,20.6
05/04/2021,15:00:00,21
05/04/2021,16:00:00,21
05/04/2021,17:00:00,21.2
05/04/2021,18:00:00,21.6
05/04/2021,19:00:00,21.6
05/04/2021,20:00:00,21.6
05/04/2021,21:00:00,21.8
05/04/2021,22:00:00,21.6
05/04/2021,23:00:00,21.5
05/05/2021,00:00:00,21.6
05/05/2021,01:00:00,21.5
05/05/2021,02:00:00,21.5
05/05/2021,03:00:00,21.5
05/05/2021,04:00:00,21.5
05/05/2021,05:00:00,21.1
05/05/2021,06:00:00,21.6
05/05/2021,07:00:00,22
05/05/2021,08:00:00,23.2
05/05/2021,09:00:00,23.6
05/05/2021,10:00:00,24.6
05/05/2021,11:00:00,23.6
05/05/2021,12:00:00,23.6
05/05/2021,13:00:00,25.7
05/05/2021,14:00:00,27
05/05/2021,15:00:00,25.6
05/05/2021,16:00:00,24.8
05/05/2021,17:00:00,23.8
05/05/2021,18:00:00,23.6
05/05/2021,19:00:00,22.8
05/05/2021,20:00:00,22.8
05/05/2021,21:00:00,22.8
05/05/2021,22:00:00,22
05/05/2021,23:00:00,21.6
05/06/2021,00:00:00,21.5
05/06/2021,01:00:00,21.1
05/06/2021,02:00:00,20.6
05/06/2021,03:00:00,20.6
05/06/2021,04:00:00,20.5
05/06/2021,05:00:00,20.5
05/06/2021,06:00:00,21
05/06/2021,07:00:00,22.2
05/06/2021,08:00:00,23.5
05/06/2021,09:00:00,25
05/06/2021,10:00:00,26
05/06/2021,11:00:00,27.2
05/06/2021,12:00:00,27.8
05/06/2021,13:00:00,28.2
05/06/2021,14:00:00,28
05/06/2021,15:00:00,27.5
05/06/2021,16:00:00,26.8
05/06/2021,17:00:00,25.6
05/06/2021,18:00:00,24.6
05/06/2021,19:00:00,23.6
05/06/2021,20:00:00,22.8
05/06/2021,21:00:00,22.1
05/06/2021,22:00:00,21.8
05/06/2021,23:00:00,21.6
05/07/2021,00:00:00,21.5
05/07/2021,01:00:00,21.1
05/07/2021,02:00:00,21.1
05/07/2021,03:00:00,21.1
05/07/2021,04:00:00,21.1
05/07/2021,05:00:00,21.1
05/07/2021,06:00:00,21.5
05/07/2021,07:00:00,22.8
05/07/2021,08:00:00,23.8
05/07/2021,09:00:00,25.2
05/07/2021,10:00:00,26.5
05/07/2021,11:00:00,27
05/07/2021,12:00:00,27.2
05/07/2021,13:00:00,28.8
05/07/2021,14:00:00,29.2
05/07/2021,15:00:00,28.6
05/07/2021,16:00:00,27.6
05/07/2021,17:00:00,26.4
05/07/2021,18:00:00,24.8
05/07/2021,19:00:00,23.8
05/07/2021,20:00:00,23.6
05/07/2021,21:00:00,22.8
05/07/2021,22:00:00,22.8
05/07/2021,23:00:00,22.1
05/08/2021,00:00:00,22
05/08/2021,01:00:00,22
05/08/2021,02:00:00,21.6
05/08/2021,03:00:00,21.6
05/08/2021,04:00:00,21.6
05/08/2021,05:00:00,21.6
05/08/2021,06:00:00,22.1
05/08/2021,07:00:00,23
05/08/2021,08:00:00,24.8
05/08/2021,09:00:00,25
05/08/2021,10:00:00,27
05/08/2021,11:00:00,27.2
05/08/2021,12:00:00,28
05/08/2021,13:00:00,28.1
05/08/2021,14:00:00,25.8
05/08/2021,15:00:00,26.6
05/08/2021,16:00:00,25.6
05/08/2021,17:00:00,24.8
05/08/2021,18:00:00,24
05/08/2021,19:00:00,23.6
05/08/2021,20:00:00,23
05/08/2021,21:00:00,22.8
05/08/2021,22:00:00,22
05/08/2021,23:00:00,22
05/09/2021,00:00:00,21.6
05/09/2021,01:00:00,21.6
05/09/2021,02:00:00,21.1
05/09/2021,03:00:00,21.5
05/09/2021,04:00:00,21.1
05/09/2021,05:00:00,21.1
05/09/2021,06:00:00,20.6
05/09/2021,07:00:00,21.8
05/09/2021,08:00:00,22.5
05/09/2021,09:00:00,22.8
05/09/2021,10:00:00,25
05/09/2021,11:00:00,26.6
05/09/2021,12:00:00,26.8
05/09/2021,13:00:00,27.3
05/09/2021,14:00:00,25.4
05/09/2021,15:00:00,22.6
05/09/2021,16:00:00,22.8
05/09/2021,17:00:00,22.6
05/09/2021,18:00:00,21.6
05/09/2021,19:00:00,21
05/09/2021,20:00:00,21.8
05/09/2021,21:00:00,22
05/09/2021,22:00:00,21.8
05/09/2021,23:00:00,21.6
05/10/2021,00:00:00,21.6
05/10/2021,01:00:00,21.5
05/10/2021,02:00:00,21.1
05/10/2021,03:00:00,20.6
05/10/2021,04:00:00,20.6
05/10/2021,05:00:00,20.6
05/10/2021,06:00:00,21.1
05/10/2021,07:00:00,21.8
05/10/2021,08:00:00,22.3
05/10/2021,09:00:00,24
05/10/2021,10:00:00,25.8
05/10/2021,11:00:00,27.2
05/10/2021,12:00:00,27
05/10/2021,13:00:00,27
05/10/2021,14:00:00,27.8
05/10/2021,15:00:00,26.8
05/10/2021,16:00:00,25.8
05/10/2021,17:00:00,25.6
05/10/2021,18:00:00,24
05/10/2021,19:00:00,23.6
05/10/2021,20:00:00,22.8
05/10/2021,21:00:00,22.1
05/10/2021,22:00:00,21.8
05/10/2021,23:00:00,21.8
05/11/2021,00:00:00,21
05/11/2021,01:00:00,21.2
05/11/2021,02:00:00,21.6
05/11/2021,03:00:00,21
05/11/2021,04:00:00,21
05/11/2021,05:00:00,21.1
05/11/2021,06:00:00,21.1
05/11/2021,07:00:00,22
05/11/2021,08:00:00,22
05/11/2021,09:00:00,22.9
05/11/2021,10:00:00,25
05/11/2021,11:00:00,23
05/11/2021,12:00:00,25
05/11/2021,13:00:00,24.3
05/11/2021,14:00:00,26.1
05/11/2021,15:00:00,24.1
05/11/2021,16:00:00,24.8
05/11/2021,17:00:00,23.8
05/11/2021,18:00:00,23
05/11/2021,19:00:00,22.6
05/11/2021,20:00:00,21.6
05/11/2021,21:00:00,21.8
05/11/2021,22:00:00,21.8
05/11/2021,23:00:00,21.8
05/12/2021,00:00:00,21
05/12/2021,01:00:00,21
05/12/2021,02:00:00,21.1
05/12/2021,03:00:00,20.6
05/12/2021,04:00:00,20.5
05/12/2021,05:00:00,20.5
05/12/2021,06:00:00,21
05/12/2021,07:00:00,22
05/12/2021,08:00:00,23.3
05/12/2021,09:00:00,23.8
05/12/2021,10:00:00,24.9
05/12/2021,11:00:00,26.6
05/12/2021,12:00:00,27.6
05/12/2021,13:00:00,28
05/12/2021,14:00:00,28.3
05/12/2021,15:00:00,27.5
05/12/2021,16:00:00,26.4
05/12/2021,17:00:00,24.6
05/12/2021,18:00:00,23.8
05/12/2021,19:00:00,23.6
05/12/2021,20:00:00,23
05/12/2021,21:00:00,23
05/12/2021,22:00:00,22.6
05/12/2021,23:00:00,22
05/13/2021,00:00:00,21.8
05/13/2021,01:00:00,21.8
05/13/2021,02:00:00,22
05/13/2021,03:00:00,21.6
05/13/2021,04:00:00,21.6
05/13/2021,05:00:00,21.6
05/13/2021,06:00:00,22
05/13/2021,07:00:00,22
05/13/2021,08:00:00,22
05/13/2021,09:00:00,22
05/13/2021,10:00:00,22.6
05/13/2021,11:00:00,22.1
05/13/2021,12:00:00,21.8
05/13/2021,13:00:00,22
05/13/2021,14:00:00,22
05/13/2021,15:00:00,22.8
05/13/2021,16:00:00,22.6
05/13/2021,17:00:00,21.8
05/13/2021,18:00:00,21.6
05/13/2021,19:00:00,21.8
05/13/2021,20:00:00,21.8
05/13/2021,21:00:00,21.8
05/13/2021,22:00:00,21.8
05/13/2021,23:00:00,21.6
05/14/2021,00:00:00,21.6
05/14/2021,01:00:00,21.6
05/14/2021,02:00:00,21.1
05/14/2021,03:00:00,21.1
05/14/2021,04:00:00,21.1
05/14/2021,05:00:00,21.1
05/14/2021,06:00:00,21.1
05/14/2021,07:00:00,21.8
05/14/2021,08:00:00,21.6
05/14/2021,09:00:00,21.8
05/14/2021,10:00:00,21.8
05/14/2021,11:00:00,23
05/14/2021,12:00:00,22.8
05/14/2021,13:00:00,23.2
05/14/2021,14:00:00,23
05/14/2021,15:00:00,23.6
05/14/2021,16:00:00,22.8
05/14/2021,17:00:00,22.8
05/14/2021,18:00:00,22.6
05/14/2021,19:00:00,22.4
05/14/2021,20:00:00,21.8
05/14/2021,21:00:00,21.8
05/14/2021,22:00:00,21.8
05/14/2021,23:00:00,21
05/15/2021,00:00:00,21
05/15/2021,01:00:00,21
05/15/2021,02:00:00,20.6
05/15/2021,03:00:00,20.6
05/15/2021,04:00:00,20.6
05/15/2021,05:00:00,21
05/15/2021,06:00:00,21
05/15/2021,07:00:00,21.8
05/15/2021,08:00:00,22
05/15/2021,09:00:00,23.8
05/15/2021,10:00:00,24.3
05/15/2021,11:00:00,25.8
05/15/2021,12:00:00,26.6
05/15/2021,13:00:00,26.6
05/15/2021,14:00:00,27.3
05/15/2021,15:00:00,26.5
05/15/2021,16:00:00,25.6
05/15/2021,17:00:00,24.6
05/15/2021,18:00:00,23
05/15/2021,19:00:00,22.6
05/15/2021,20:00:00,21.8
05/15/2021,21:00:00,21.1
05/15/2021,22:00:00,21
05/15/2021,23:00:00,20.3
05/16/2021,00:00:00,20.8
05/16/2021,01:00:00,20.2
05/16/2021,02:00:00,20.5
05/16/2021,03:00:00,20
05/16/2021,04:00:00,20
05/16/2021,05:00:00,19.6
05/16/2021,06:00:00,20.1
05/16/2021,07:00:00,21.8
05/16/2021,08:00:00,23
05/16/2021,09:00:00,23.8
05/16/2021,10:00:00,25.2
05/16/2021,11:00:00,26.2
05/16/2021,12:00:00,26.3
05/16/2021,13:00:00,27.8
05/16/2021,14:00:00,27.8
05/16/2021,15:00:00,26.8
05/16/2021,16:00:00,26.6
05/16/2021,17:00:00,25.6
05/16/2021,18:00:00,24
05/16/2021,19:00:00,23.2
05/16/2021,20:00:00,22.8
05/16/2021,21:00:00,22.1
05/16/2021,22:00:00,21.8
05/16/2021,23:00:00,21
05/17/2021,00:00:00,21
05/17/2021,01:00:00,20.2
05/17/2021,02:00:00,20
05/17/2021,03:00:00,20
05/17/2021,04:00:00,18.7
05/17/2021,05:00:00,19
05/17/2021,06:00:00,19.5
05/17/2021,07:00:00,21
05/17/2021,08:00:00,23
05/17/2021,09:00:00,24.8
05/17/2021,10:00:00,26
05/17/2021,11:00:00,26.4
05/17/2021,12:00:00,27
05/17/2021,13:00:00,27.6
05/17/2021,14:00:00,28.3
05/17/2021,15:00:00,27.3
05/17/2021,16:00:00,27.6
05/17/2021,17:00:00,25.8
05/17/2021,18:00:00,24.5
05/17/2021,19:00:00,24
05/17/2021,20:00:00,23.2
05/17/2021,21:00:00,22.8
05/17/2021,22:00:00,22
05/17/2021,23:00:00,21
05/18/2021,00:00:00,21
05/18/2021,01:00:00,20.2
05/18/2021,02:00:00,20
05/18/2021,03:00:00,19.5
05/18/2021,04:00:00,19
05/18/2021,05:00:00,18.7
05/18/2021,06:00:00,19.5
05/18/2021,07:00:00,21.3
05/18/2021,08:00:00,22
05/18/2021,09:00:00,24.2
05/18/2021,10:00:00,26
05/18/2021,11:00:00,27
05/18/2021,12:00:00,28
05/18/2021,13:00:00,29
05/18/2021,14:00:00,29
05/18/2021,15:00:00,28.9
05/18/2021,16:00:00,27
05/18/2021,17:00:00,26
05/18/2021,18:00:00,24.8
05/18/2021,19:00:00,23.8
05/18/2021,20:00:00,23.6
05/18/2021,21:00:00,22.8
05/18/2021,22:00:00,22
05/18/2021,23:00:00,21.8
05/19/2021,00:00:00,21.8
05/19/2021,01:00:00,21.8
05/19/2021,02:00:00,21.1
05/19/2021,03:00:00,21.5
05/19/2021,04:00:00,21.5
05/19/2021,05:00:00,21.1
05/19/2021,06:00:00,21.5
05/19/2021,07:00:00,22.8
05/19/2021,08:00:00,23.8
05/19/2021,09:00:00,24.7
05/19/2021,10:00:00,25.4
05/19/2021,11:00:00,26.8
05/19/2021,12:00:00,26.8
05/19/2021,13:00:00,26.6
05/19/2021,14:00:00,26
05/19/2021,15:00:00,25.8
05/19/2021,16:00:00,25.6
05/19/2021,17:00:00,24.8
05/19/2021,18:00:00,23.6
05/19/2021,19:00:00,22.8
05/19/2021,20:00:00,22.8
05/19/2021,21:00:00,22.1
05/19/2021,22:00:00,21.8
05/19/2021,23:00:00,21.8
05/20/2021,00:00:00,21.2
05/20/2021,01:00:00,21
05/20/2021,02:00:00,21
05/20/2021,03:00:00,20.6
05/20/2021,04:00:00,20.5
05/20/2021,05:00:00,20.6
05/20/2021,06:00:00,21
05/20/2021,07:00:00,22.4
05/20/2021,08:00:00,24.2
05/20/2021,09:00:00,24.8
05/20/2021,10:00:00,26
05/20/2021,11:00:00,26.8
05/20/2021,12:00:00,27.6
05/20/2021,13:00:00,28
05/20/2021,14:00:00,28
05/20/2021,15:00:00,27.8
05/20/2021,16:00:00,27.4
05/20/2021,17:00:00,25.8
05/20/2021,18:00:00,24.8
05/20/2021,19:00:00,23.8
05/20/2021,20:00:00,22.8
05/20/2021,21:00:00,22.6
05/20/2021,22:00:00,21.8
05/20/2021,23:00:00,21.8
05/21/2021,00:00:00,21.2
05/21/2021,01:00:00,21.2
05/21/2021,02:00:00,21.5
05/21/2021,03:00:00,21.6
05/21/2021,04:00:00,21.7
05/21/2021,05:00:00,21.6
05/21/2021,06:00:00,21.6
05/21/2021,07:00:00,21.8
05/21/2021,08:00:00,22.2
05/21/2021,09:00:00,22.8
05/21/2021,10:00:00,23.8
05/21/2021,11:00:00,23
05/21/2021,12:00:00,24.2
05/21/2021,13:00:00,23.3
05/21/2021,14:00:00,25
05/21/2021,15:00:00,24.6
05/21/2021,16:00:00,24.6
05/21/2021,17:00:00,23.8
05/21/2021,18:00:00,23.6
05/21/2021,19:00:00,22.8
05/21/2021,20:00:00,22.6
05/21/2021,21:00:00,21.8
05/21/2021,22:00:00,21.8
05/21/2021,23:00:00,21.8
05/22/2021,00:00:00,21.6
05/22/2021,01:00:00,21
05/22/2021,02:00:00,21
05/22/2021,03:00:00,21.1
05/22/2021,04:00:00,21.1
05/22/2021,05:00:00,20.6
05/22/2021,06:00:00,21.1
05/22/2021,07:00:00,22.6
05/22/2021,08:00:00,23.8
05/22/2021,09:00:00,24.9
05/22/2021,10:00:00,26.4
05/22/2021,11:00:00,26.6
05/22/2021,12:00:00,27.6
05/22/2021,13:00:00,27.4
05/22/2021,14:00:00,27.2
05/22/2021,15:00:00,27.6
05/22/2021,16:00:00,26.6
05/22/2021,17:00:00,25.6
05/22/2021,18:00:00,23.8
05/22/2021,19:00:00,22.6
05/22/2021,20:00:00,22
05/22/2021,21:00:00,21.3
05/22/2021,22:00:00,20.5
05/22/2021,23:00:00,20.3
05/23/2021,00:00:00,19.5
05/23/2021,01:00:00,20
05/23/2021,02:00:00,20.1
05/23/2021,03:00:00,19.6
05/23/2021,04:00:00,20.1
05/23/2021,05:00:00,20.5
05/23/2021,06:00:00,20.5
05/23/2021,07:00:00,21.6
05/23/2021,08:00:00,23
05/23/2021,09:00:00,24.8
05/23/2021,10:00:00,25.8
05/23/2021,11:00:00,26.8
05/23/2021,12:00:00,26.6
05/23/2021,13:00:00,26.6
05/23/2021,14:00:00,26.8
05/23/2021,15:00:00,26.8
05/23/2021,16:00:00,26.6
05/23/2021,17:00:00,25.6
05/23/2021,18:00:00,24.6
05/23/2021,19:00:00,23.2
05/23/2021,20:00:00,22.8
05/23/2021,21:00:00,22.2
05/23/2021,22:00:00,22
05/23/2021,23:00:00,22
05/24/2021,00:00:00,22
05/24/2021,01:00:00,21.8
05/24/2021,02:00:00,21.6
05/24/2021,03:00:00,21.6
05/24/2021,04:00:00,21.5
05/24/2021,05:00:00,21.1
05/24/2021,06:00:00,21.5
05/24/2021,07:00:00,22
05/24/2021,08:00:00,24
05/24/2021,09:00:00,25.2
05/24/2021,10:00:00,26.6
05/24/2021,11:00:00,27
05/24/2021,12:00:00,28.8
05/24/2021,13:00:00,28.6
05/24/2021,14:00:00,28.2
05/24/2021,15:00:00,28.4
05/24/2021,16:00:00,26.6
05/24/2021,17:00:00,24.8
05/24/2021,18:00:00,23.8
05/24/2021,19:00:00,22.8
05/24/2021,20:00:00,22
05/24/2021,21:00:00,21.8
05/24/2021,22:00:00,21.8
05/24/2021,23:00:00,21.8
05/25/2021,00:00:00,20.5
05/25/2021,01:00:00,21
05/25/2021,02:00:00,20.6
05/25/2021,03:00:00,20.5
05/25/2021,04:00:00,20.1
05/25/2021,05:00:00,20.1
05/25/2021,06:00:00,20.1
05/25/2021,07:00:00,21.4
05/25/2021,08:00:00,23.2
05/25/2021,09:00:00,25
05/25/2021,10:00:00,26
05/25/2021,11:00:00,26.8
05/25/2021,12:00:00,27.4
05/25/2021,13:00:00,28.6
05/25/2021,14:00:00,27.4
05/25/2021,15:00:00,27.5
05/25/2021,16:00:00,27.1
05/25/2021,17:00:00,25.6
05/25/2021,18:00:00,24.6
05/25/2021,19:00:00,23
05/25/2021,20:00:00,22.8
05/25/2021,21:00:00,22.1
05/25/2021,22:00:00,22
05/25/2021,23:00:00,22
05/26/2021,00:00:00,22
05/26/2021,01:00:00,22
05/26/2021,02:00:00,21.6
05/26/2021,03:00:00,21.5
05/26/2021,04:00:00,21.1
05/26/2021,05:00:00,21
05/26/2021,06:00:00,21.5
05/26/2021,07:00:00,22
05/26/2021,08:00:00,23.4
05/26/2021,09:00:00,25
05/26/2021,10:00:00,27.6
05/26/2021,11:00:00,27.3
05/26/2021,12:00:00,28.6
05/26/2021,13:00:00,28.6
05/26/2021,14:00:00,27.8
05/26/2021,15:00:00,28.1
05/26/2021,16:00:00,26.8
05/26/2021,17:00:00,25.6
05/26/2021,18:00:00,24
05/26/2021,19:00:00,23
05/26/2021,20:00:00,22.8
05/26/2021,21:00:00,22.5
05/26/2021,22:00:00,22
05/26/2021,23:00:00,21.6
05/27/2021,00:00:00,21
05/27/2021,01:00:00,21
05/27/2021,02:00:00,21.1
05/27/2021,03:00:00,21
05/27/2021,04:00:00,21
05/27/2021,05:00:00,20.6
05/27/2021,06:00:00,21
05/27/2021,07:00:00,21.8
05/27/2021,08:00:00,21.6
05/27/2021,09:00:00,22
05/27/2021,10:00:00,22.8
05/27/2021,11:00:00,23.8
05/27/2021,12:00:00,23
05/27/2021,13:00:00,23
05/27/2021,14:00:00,25.1
05/27/2021,15:00:00,25.6
05/27/2021,16:00:00,22.3
05/27/2021,17:00:00,21.8
05/27/2021,18:00:00,21.8
05/27/2021,19:00:00,21.8
05/27/2021,20:00:00,21.8
05/27/2021,21:00:00,21.1
05/27/2021,22:00:00,20.8
05/27/2021,23:00:00,20.8
05/28/2021,00:00:00,20.6
05/28/2021,01:00:00,20.8
05/28/2021,02:00:00,20.5
05/28/2021,03:00:00,20.5
05/28/2021,04:00:00,20.5
05/28/2021,05:00:00,20.6
05/28/2021,06:00:00,20.6
05/28/2021,07:00:00,21.8
05/28/2021,08:00:00,22.2
05/28/2021,09:00:00,23.7
05/28/2021,10:00:00,25.8
05/28/2021,11:00:00,25.8
05/28/2021,12:00:00,26.4
05/28/2021,13:00:00,26
05/28/2021,14:00:00,26.4
05/28/2021,15:00:00,24.6
05/28/2021,16:00:00,23.8
05/28/2021,17:00:00,23.1
05/28/2021,18:00:00,21.8
05/28/2021,19:00:00,21.6
05/28/2021,20:00:00,21.6
05/28/2021,21:00:00,20.8
05/28/2021,22:00:00,20.8
05/28/2021,23:00:00,20.8
05/29/2021,00:00:00,20.8
05/29/2021,01:00:00,21
05/29/2021,02:00:00,20.6
05/29/2021,03:00:00,20.5
05/29/2021,04:00:00,20.5
05/29/2021,05:00:00,20.1
05/29/2021,06:00:00,20.5
05/29/2021,07:00:00,21.3
05/29/2021,08:00:00,22.8
05/29/2021,09:00:00,24
05/29/2021,10:00:00,25
05/29/2021,11:00:00,26.4
05/29/2021,12:00:00,25.6
05/29/2021,13:00:00,25.6
05/29/2021,14:00:00,26
05/29/2021,15:00:00,26.5
05/29/2021,16:00:00,26.4
05/29/2021,17:00:00,24.6
05/29/2021,18:00:00,23.3
05/29/2021,19:00:00,22.3
05/29/2021,20:00:00,22
05/29/2021,21:00:00,22
05/29/2021,22:00:00,21
05/29/2021,23:00:00,20.3
05/30/2021,00:00:00,20.4
05/30/2021,01:00:00,20.3
05/30/2021,02:00:00,20.1
05/30/2021,03:00:00,19.6
05/30/2021,04:00:00,19.1
05/30/2021,05:00:00,19.1
05/30/2021,06:00:00,19.5
05/30/2021,07:00:00,21.3
05/30/2021,08:00:00,23
05/30/2021,09:00:00,24.7
05/30/2021,10:00:00,25.3
05/30/2021,11:00:00,26.1
05/30/2021,12:00:00,26
05/30/2021,13:00:00,23.9
05/30/2021,14:00:00,26.5
05/30/2021,15:00:00,26.8
05/30/2021,16:00:00,25.8
05/30/2021,17:00:00,24
05/30/2021,18:00:00,23
05/30/2021,19:00:00,22.4
05/30/2021,20:00:00,22.8
05/30/2021,21:00:00,22.8
05/30/2021,22:00:00,22
05/30/2021,23:00:00,22
05/31/2021,00:00:00,21.8
05/31/2021,01:00:00,21.6
05/31/2021,02:00:00,20.6
05/31/2021,03:00:00,20.6
05/31/2021,04:00:00,20.6
05/31/2021,05:00:00,20.5
05/31/2021,06:00:00,20.6
05/31/2021,07:00:00,21
05/31/2021,08:00:00,23
05/31/2021,09:00:00,24
05/31/2021,10:00:00,25.6
05/31/2021,11:00:00,22.6
05/31/2021,12:00:00,24.8
05/31/2021,13:00:00,23.9
05/31/2021,14:00:00,24
05/31/2021,15:00:00,25
05/31/2021,16:00:00,24.7
05/31/2021,17:00:00,22.8
05/31/2021,18:00:00,22.8
05/31/2021,19:00:00,22
05/31/2021,20:00:00,22
05/31/2021,21:00:00,21.8
05/31/2021,22:00:00,21.6
05/31/2021,23:00:00,20.8
06/01/2021,00:00:00,20.8
06/01/2021,01:00:00,20.8
06/01/2021,02:00:00,20.6
06/01/2021,03:00:00,20.6
06/01/2021,04:00:00,20.6
06/01/2021,05:00:00,21
06/01/2021,06:00:00,21.1
06/01/2021,07:00:00,22
06/01/2021,08:00:00,23.6
06/01/2021,09:00:00,24.7
06/01/2021,10:00:00,26
06/01/2021,11:00:00,26
06/01/2021,12:00:00,26
06/01/2021,13:00:00,25
06/01/2021,14:00:00,26
06/01/2021,15:00:00,25
06/01/2021,16:00:00,25
06/01/2021,17:00:00,24
06/01/2021,18:00:00,23
06/01/2021,19:00:00,23
06/01/2021,20:00:00,23
06/01/2021,21:00:00,21
06/01/2021,22:00:00,21
06/01/2021,23:00:00,20
06/02/2021,00:00:00,20
06/02/2021,01:00:00,20
06/02/2021,02:00:00,
06/02/2021,03:00:00,
06/02/2021,04:00:00,
06/02/2021,05:00:00,
06/02/2021,06:00:00,
06/02/2021,07:00:00,21
06/02/2021,08:00:00,23
06/02/2021,09:00:00,23.9
06/02/2021,10:00:00,26
06/02/2021,11:00:00,26.6
06/02/2021,12:00:00,27
06/02/2021,13:00:00,27.6
06/02/2021,14:00:00,27.8
06/02/2021,15:00:00,27.9
06/02/2021,16:00:00,26.6
06/02/2021,17:00:00,25.6
06/02/2021,18:00:00,23.8
06/02/2021,19:00:00,23
06/02/2021,20:00:00,22.6
06/02/2021,21:00:00,21.8
06/02/2021,22:00:00,21.8
06/02/2021,23:00:00,21
06/03/2021,00:00:00,20.2
06/03/2021,01:00:00,20
06/03/2021,02:00:00,20
06/03/2021,03:00:00,20
06/03/2021,04:00:00,20.1
06/03/2021,05:00:00,19.6
06/03/2021,06:00:00,20
06/03/2021,07:00:00,21.2
06/03/2021,08:00:00,23.4
06/03/2021,09:00:00,24.3
06/03/2021,10:00:00,25.8
06/03/2021,11:00:00,26.4
06/03/2021,12:00:00,26
06/03/2021,13:00:00,25.8
06/03/2021,14:00:00,26
06/03/2021,15:00:00,27.2
06/03/2021,16:00:00,26.4
06/03/2021,17:00:00,25.4
06/03/2021,18:00:00,24
06/03/2021,19:00:00,23
06/03/2021,20:00:00,22.8
06/03/2021,21:00:00,21.8
06/03/2021,22:00:00,21.8
06/03/2021,23:00:00,21.8
06/04/2021,00:00:00,21.8
06/04/2021,01:00:00,20.8
06/04/2021,02:00:00,19.6
06/04/2021,03:00:00,20.1
06/04/2021,04:00:00,20.1
06/04/2021,05:00:00,20.1
06/04/2021,06:00:00,20.1
06/04/2021,07:00:00,21
06/04/2021,08:00:00,22.6
06/04/2021,09:00:00,22
06/04/2021,10:00:00,22.3
06/04/2021,11:00:00,25.6
06/04/2021,12:00:00,26.6
06/04/2021,13:00:00,27.4
06/04/2021,14:00:00,27.2
06/04/2021,15:00:00,27.1
06/04/2021,16:00:00,26.3
06/04/2021,17:00:00,24.6
06/04/2021,18:00:00,23
06/04/2021,19:00:00,22.2
06/04/2021,20:00:00,21.4
06/04/2021,21:00:00,20.5
06/04/2021,22:00:00,20.4
06/04/2021,23:00:00,20.3
06/05/2021,00:00:00,20
06/05/2021,01:00:00,20
06/05/2021,02:00:00,19.2
06/05/2021,03:00:00,19.5
06/05/2021,04:00:00,19.2
06/05/2021,05:00:00,19.1
06/05/2021,06:00:00,19.6
06/05/2021,07:00:00,21
06/05/2021,08:00:00,22.6
06/05/2021,09:00:00,23.9
06/05/2021,10:00:00,25.8
06/05/2021,11:00:00,27
06/05/2021,12:00:00,26.8
06/05/2021,13:00:00,28
06/05/2021,14:00:00,28
06/05/2021,15:00:00,27.8
06/05/2021,16:00:00,26.6
06/05/2021,17:00:00,25.4
06/05/2021,18:00:00,23.8
06/05/2021,19:00:00,22.8
06/05/2021,20:00:00,22
06/05/2021,21:00:00,21.5
06/05/2021,22:00:00,21.8
06/05/2021,23:00:00,21.6
06/06/2021,00:00:00,21
06/06/2021,01:00:00,21
06/06/2021,02:00:00,20.6
06/06/2021,03:00:00,20.6
06/06/2021,04:00:00,20.6
06/06/2021,05:00:00,20.5
06/06/2021,06:00:00,20.1
06/06/2021,07:00:00,20
06/06/2021,08:00:00,21
06/06/2021,09:00:00,22
06/06/2021,10:00:00,23.8
06/06/2021,11:00:00,25
06/06/2021,12:00:00,25.8
06/06/2021,13:00:00,24.6
06/06/2021,14:00:00,24.1
06/06/2021,15:00:00,23.8
06/06/2021,16:00:00,23.6
06/06/2021,17:00:00,23
06/06/2021,18:00:00,22.8
06/06/2021,19:00:00,21.6
06/06/2021,20:00:00,21.8
06/06/2021,21:00:00,21.8
06/06/2021,22:00:00,21.8
06/06/2021,23:00:00,21.8
06/07/2021,00:00:00,21.6
06/07/2021,01:00:00,21.6
06/07/2021,02:00:00,21
06/07/2021,03:00:00,20.6
06/07/2021,04:00:00,20.6
06/07/2021,05:00:00,20.6
06/07/2021,06:00:00,21
06/07/2021,07:00:00,21.8
06/07/2021,08:00:00,22.8
06/07/2021,09:00:00,23.6
06/07/2021,10:00:00,24.6
06/07/2021,11:00:00,24.8
06/07/2021,12:00:00,24.8
06/07/2021,13:00:00,25.6
06/07/2021,14:00:00,25.6
06/07/2021,15:00:00,25.8
06/07/2021,16:00:00,25.2
06/07/2021,17:00:00,23.8
06/07/2021,18:00:00,23.6
06/07/2021,19:00:00,22.6
06/07/2021,20:00:00,22
06/07/2021,21:00:00,21.8
06/07/2021,22:00:00,21.8
06/07/2021,23:00:00,21
06/08/2021,00:00:00,21
06/08/2021,01:00:00,21
06/08/2021,02:00:00,21
06/08/2021,03:00:00,20.6
06/08/2021,04:00:00,21
06/08/2021,05:00:00,20.6
06/08/2021,06:00:00,21.1
06/08/2021,07:00:00,22
06/08/2021,08:00:00,23.2
06/08/2021,09:00:00,25
06/08/2021,10:00:00,25.2
06/08/2021,11:00:00,26.8
06/08/2021,12:00:00,26.8
06/08/2021,13:00:00,28
06/08/2021,14:00:00,28.4
06/08/2021,15:00:00,28.4
06/08/2021,16:00:00,26.4
06/08/2021,17:00:00,24.6
06/08/2021,18:00:00,23.6
06/08/2021,19:00:00,22.8
06/08/2021,20:00:00,22.4
06/08/2021,21:00:00,21.8
06/08/2021,22:00:00,21.8
06/08/2021,23:00:00,21.6
06/09/2021,00:00:00,21
06/09/2021,01:00:00,21
06/09/2021,02:00:00,20.6
06/09/2021,03:00:00,20.6
06/09/2021,04:00:00,20.6
06/09/2021,05:00:00,20.1
06/09/2021,06:00:00,20.6
06/09/2021,07:00:00,21.8
06/09/2021,08:00:00,23.4
06/09/2021,09:00:00,24
06/09/2021,10:00:00,24.6
06/09/2021,11:00:00,25.8
06/09/2021,12:00:00,27.6
06/09/2021,13:00:00,27.2
06/09/2021,14:00:00,27.6
06/09/2021,15:00:00,26.6
06/09/2021,16:00:00,26.6
06/09/2021,17:00:00,24.6
06/09/2021,18:00:00,23.8
06/09/2021,19:00:00,22.6
06/09/2021,20:00:00,22
06/09/2021,21:00:00,21.8
06/09/2021,22:00:00,21
06/09/2021,23:00:00,20.4
06/10/2021,00:00:00,20.2
06/10/2021,01:00:00,19.8
06/10/2021,02:00:00,19.6
06/10/2021,03:00:00,18.2
06/10/2021,04:00:00,19.5
06/10/2021,05:00:00,19.5
06/10/2021,06:00:00,20
06/10/2021,07:00:00,21.2
06/10/2021,08:00:00,22.8
06/10/2021,09:00:00,24.5
06/10/2021,10:00:00,25.8
06/10/2021,11:00:00,25.8
06/10/2021,12:00:00,26.8
06/10/2021,13:00:00,26
06/10/2021,14:00:00,26.4
06/10/2021,15:00:00,26.6
06/10/2021,16:00:00,24.6
06/10/2021,17:00:00,22.8
06/10/2021,18:00:00,21.8
06/10/2021,19:00:00,21.2
06/10/2021,20:00:00,20.8
06/10/2021,21:00:00,21
06/10/2021,22:00:00,21
06/10/2021,23:00:00,21
06/11/2021,00:00:00,20.8
06/11/2021,01:00:00,20.8
06/11/2021,02:00:00,20.6
06/11/2021,03:00:00,19.6
06/11/2021,04:00:00,19.1
06/11/2021,05:00:00,19
06/11/2021,06:00:00,19.5
06/11/2021,07:00:00,20.5
06/11/2021,08:00:00,23
06/11/2021,09:00:00,24.4
06/11/2021,10:00:00,25.8
06/11/2021,11:00:00,27.6
06/11/2021,12:00:00,28
06/11/2021,13:00:00,28.4
06/11/2021,14:00:00,28.8
06/11/2021,15:00:00,28.2
06/11/2021,16:00:00,27.6
06/11/2021,17:00:00,26.6
06/11/2021,18:00:00,24.8
06/11/2021,19:00:00,22.8
06/11/2021,20:00:00,22
06/11/2021,21:00:00,21.8
06/11/2021,22:00:00,21.2
06/11/2021,23:00:00,21
06/12/2021,00:00:00,21
06/12/2021,01:00:00,21
06/12/2021,02:00:00,21
06/12/2021,03:00:00,20.5
06/12/2021,04:00:00,20
06/12/2021,05:00:00,19.6
06/12/2021,06:00:00,19.6
06/12/2021,07:00:00,21.3
06/12/2021,08:00:00,23.3
06/12/2021,09:00:00,25
06/12/2021,10:00:00,26.3
06/12/2021,11:00:00,28.3
06/12/2021,12:00:00,29
06/12/2021,13:00:00,30.2
06/12/2021,14:00:00,30
06/12/2021,15:00:00,29.8
06/12/2021,16:00:00,29.4
06/12/2021,17:00:00,27.4
06/12/2021,18:00:00,25.6
06/12/2021,19:00:00,24
06/12/2021,20:00:00,22.8
06/12/2021,21:00:00,21.8
06/12/2021,22:00:00,21.2
06/12/2021,23:00:00,21
06/13/2021,00:00:00,21
06/13/2021,01:00:00,20.8
06/13/2021,02:00:00,20.1
06/13/2021,03:00:00,20.1
06/13/2021,04:00:00,19.6
06/13/2021,05:00:00,19.6
06/13/2021,06:00:00,20
06/13/2021,07:00:00,21
06/13/2021,08:00:00,22
06/13/2021,09:00:00,24
06/13/2021,10:00:00,26.3
06/13/2021,11:00:00,27.2
06/13/2021,12:00:00,28.8
06/13/2021,13:00:00,30
06/13/2021,14:00:00,30.4
06/13/2021,15:00:00,30.1
06/13/2021,16:00:00,28.4
06/13/2021,17:00:00,26.4
06/13/2021,18:00:00,24.8
06/13/2021,19:00:00,24
06/13/2021,20:00:00,22.6
06/13/2021,21:00:00,21.8
06/13/2021,22:00:00,21
06/13/2021,23:00:00,21
06/14/2021,00:00:00,20.3
06/14/2021,01:00:00,20
06/14/2021,02:00:00,19.5
06/14/2021,03:00:00,19.1
06/14/2021,04:00:00,18.6
06/14/2021,05:00:00,18.6
06/14/2021,06:00:00,19
06/14/2021,07:00:00,21
06/14/2021,08:00:00,22.8
06/14/2021,09:00:00,25.2
06/14/2021,10:00:00,27
06/14/2021,11:00:00,28
06/14/2021,12:00:00,28.4
06/14/2021,13:00:00,28.8
06/14/2021,14:00:00,29
06/14/2021,15:00:00,28.8
06/14/2021,16:00:00,28.6
06/14/2021,17:00:00,26.6
06/14/2021,18:00:00,24.6
06/14/2021,19:00:00,23
06/14/2021,20:00:00,22.6
06/14/2021,21:00:00,22
06/14/2021,22:00:00,21.3
06/14/2021,23:00:00,21.6
06/15/2021,00:00:00,21.8
06/15/2021,01:00:00,21.6
06/15/2021,02:00:00,21.1
06/15/2021,03:00:00,21.1
06/15/2021,04:00:00,21
06/15/2021,05:00:00,20.6
06/15/2021,06:00:00,20.6
06/15/2021,07:00:00,21.6
06/15/2021,08:00:00,22.8
06/15/2021,09:00:00,23.6
06/15/2021,10:00:00,23.8
06/15/2021,11:00:00,25
06/15/2021,12:00:00,26.4
06/15/2021,13:00:00,27.8
06/15/2021,14:00:00,28.6
06/15/2021,15:00:00,28.8
06/15/2021,16:00:00,27.6
06/15/2021,17:00:00,26.6
06/15/2021,18:00:00,24.6
06/15/2021,19:00:00,23.8
06/15/2021,20:00:00,23.6
06/15/2021,21:00:00,22.8
06/15/2021,22:00:00,22.6
06/15/2021,23:00:00,21.8
06/16/2021,00:00:00,21.8
06/16/2021,01:00:00,21.8
06/16/2021,02:00:00,21.5
06/16/2021,03:00:00,21.1
06/16/2021,04:00:00,21.1
06/16/2021,05:00:00,20.6
06/16/2021,06:00:00,20.6
06/16/2021,07:00:00,22
06/16/2021,08:00:00,23
06/16/2021,09:00:00,24.5
06/16/2021,10:00:00,24.6
06/16/2021,11:00:00,25.6
06/16/2021,12:00:00,25.8
06/16/2021,13:00:00,26.3
06/16/2021,14:00:00,26.8
06/16/2021,15:00:00,27.5
06/16/2021,16:00:00,26.8
06/16/2021,17:00:00,26.4
06/16/2021,18:00:00,24.8
06/16/2021,19:00:00,24
06/16/2021,20:00:00,23
06/16/2021,21:00:00,22.9
06/16/2021,22:00:00,22
06/16/2021,23:00:00,21.8
06/17/2021,00:00:00,21.8
06/17/2021,01:00:00,21.8
06/17/2021,02:00:00,21.6
06/17/2021,03:00:00,21.6
06/17/2021,04:00:00,21
06/17/2021,05:00:00,20.6
06/17/2021,06:00:00,21
06/17/2021,07:00:00,21.8
06/17/2021,08:00:00,22.8
06/17/2021,09:00:00,24.2
06/17/2021,10:00:00,26
06/17/2021,11:00:00,27.6
06/17/2021,12:00:00,28.2
06/17/2021,13:00:00,28.6
06/17/2021,14:00:00,30.4
06/17/2021,15:00:00,29.5
06/17/2021,16:00:00,28.2
06/17/2021,17:00:00,26.8
06/17/2021,18:00:00,25.4
06/17/2021,19:00:00,23.8
06/17/2021,20:00:00,23.6
06/17/2021,21:00:00,22.8
06/17/2021,22:00:00,22
06/17/2021,23:00:00,22
06/18/2021,00:00:00,22
06/18/2021,01:00:00,21.8
06/18/2021,02:00:00,21.1
06/18/2021,03:00:00,21
06/18/2021,04:00:00,21.1
06/18/2021,05:00:00,20.5
06/18/2021,06:00:00,20.5
06/18/2021,07:00:00,21.2
06/18/2021,08:00:00,22
06/18/2021,09:00:00,23
06/18/2021,10:00:00,23.2
06/18/2021,11:00:00,21
06/18/2021,12:00:00,21.2
06/18/2021,13:00:00,21
06/18/2021,14:00:00,23
06/18/2021,15:00:00,24.2
06/18/2021,16:00:00,24
06/18/2021,17:00:00,23.6
06/18/2021,18:00:00,22.8
06/18/2021,19:00:00,21.8
06/18/2021,20:00:00,21.8
06/18/2021,21:00:00,21.8
06/18/2021,22:00:00,21.8
06/18/2021,23:00:00,21.6
06/19/2021,00:00:00,21.6
06/19/2021,01:00:00,21
06/19/2021,02:00:00,20.5
06/19/2021,03:00:00,20.1
06/19/2021,04:00:00,20
06/19/2021,05:00:00,19.6
06/19/2021,06:00:00,19.6
06/19/2021,07:00:00,20.8
06/19/2021,08:00:00,22.8
06/19/2021,09:00:00,23.8
06/19/2021,10:00:00,24.8
06/19/2021,11:00:00,24.8
06/19/2021,12:00:00,24.6
06/19/2021,13:00:00,24
06/19/2021,14:00:00,25.6
06/19/2021,15:00:00,24.8
06/19/2021,16:00:00,23.4
06/19/2021,17:00:00,21.6
06/19/2021,18:00:00,20.8
06/19/2021,19:00:00,20.8
06/19/2021,20:00:00,21
06/19/2021,21:00:00,21.2
06/19/2021,22:00:00,21
06/19/2021,23:00:00,21
06/20/2021,00:00:00,20
06/20/2021,01:00:00,20
06/20/2021,02:00:00,19.1
06/20/2021,03:00:00,19.1
06/20/2021,04:00:00,19.1
06/20/2021,05:00:00,18.7
06/20/2021,06:00:00,19.2
06/20/2021,07:00:00,21.3
06/20/2021,08:00:00,23.8
06/20/2021,09:00:00,25.2
06/20/2021,10:00:00,26
06/20/2021,11:00:00,26.6
06/20/2021,12:00:00,27
06/20/2021,13:00:00,27.6
06/20/2021,14:00:00,24.8
06/20/2021,15:00:00,25.9
06/20/2021,16:00:00,25.4
06/20/2021,17:00:00,24.4
06/20/2021,18:00:00,24
06/20/2021,19:00:00,23
06/20/2021,20:00:00,22.6
06/20/2021,21:00:00,21.8
06/20/2021,22:00:00,21.6
06/20/2021,23:00:00,20.8
06/21/2021,00:00:00,21
06/21/2021,01:00:00,20.5
06/21/2021,02:00:00,20.2
06/21/2021,03:00:00,20.5
06/21/2021,04:00:00,20.5
06/21/2021,05:00:00,20.6
06/21/2021,06:00:00,20.6
06/21/2021,07:00:00,21.8
06/21/2021,08:00:00,22.8
06/21/2021,09:00:00,24.8
06/21/2021,10:00:00,26.8
06/21/2021,11:00:00,26.8
06/21/2021,12:00:00,27.6
06/21/2021,13:00:00,28.6
06/21/2021,14:00:00,27.8
06/21/2021,15:00:00,28.3
06/21/2021,16:00:00,27.6
06/21/2021,17:00:00,25.4
06/21/2021,18:00:00,23.6
06/21/2021,19:00:00,22.8
06/21/2021,20:00:00,21.8
06/21/2021,21:00:00,21.8
06/21/2021,22:00:00,21.6
06/21/2021,23:00:00,21.6
06/22/2021,00:00:00,21
06/22/2021,01:00:00,21
06/22/2021,02:00:00,21
06/22/2021,03:00:00,20.6
06/22/2021,04:00:00,20.6
06/22/2021,05:00:00,20.6
06/22/2021,06:00:00,20.5
06/22/2021,07:00:00,21
06/22/2021,08:00:00,22
06/22/2021,09:00:00,24.8
06/22/2021,10:00:00,26.8
06/22/2021,11:00:00,27.8
06/22/2021,12:00:00,28
06/22/2021,13:00:00,28.3
06/22/2021,14:00:00,28.3
06/22/2021,15:00:00,28.6
06/22/2021,16:00:00,27.4
06/22/2021,17:00:00,26.4
06/22/2021,18:00:00,25.4
06/22/2021,19:00:00,24.4
06/22/2021,20:00:00,22.6
06/22/2021,21:00:00,22.8
06/22/2021,22:00:00,22
06/22/2021,23:00:00,21.2
06/23/2021,00:00:00,21
06/23/2021,01:00:00,20.4
06/23/2021,02:00:00,20.6
06/23/2021,03:00:00,20.5
06/23/2021,04:00:00,20.1
06/23/2021,05:00:00,20
06/23/2021,06:00:00,20.1
06/23/2021,07:00:00,21.5
06/23/2021,08:00:00,22.7
06/23/2021,09:00:00,25.1
06/23/2021,10:00:00,26.4
06/23/2021,11:00:00,26.1
06/23/2021,12:00:00,26.6
06/23/2021,13:00:00,27.2
06/23/2021,14:00:00,27.2
06/23/2021,15:00:00,27.6
06/23/2021,16:00:00,26.4
06/23/2021,17:00:00,25.6
06/23/2021,18:00:00,24.6
06/23/2021,19:00:00,23.4
06/23/2021,20:00:00,22.6
06/23/2021,21:00:00,20.9
06/23/2021,22:00:00,21.2
06/23/2021,23:00:00,21
06/24/2021,00:00:00,21
06/24/2021,01:00:00,21
06/24/2021,02:00:00,20.6
06/24/2021,03:00:00,20.6
06/24/2021,04:00:00,20.6
06/24/2021,05:00:00,20.6
06/24/2021,06:00:00,20.6
06/24/2021,07:00:00,21
06/24/2021,08:00:00,22
06/24/2021,09:00:00,22.1
06/24/2021,10:00:00,22.6
06/24/2021,11:00:00,21
06/24/2021,12:00:00,21.2
06/24/2021,13:00:00,21.3
06/24/2021,14:00:00,20.8
06/24/2021,15:00:00,21
06/24/2021,16:00:00,21.6
06/24/2021,17:00:00,20.8
06/24/2021,18:00:00,20.8
06/24/2021,19:00:00,20.6
06/24/2021,20:00:00,20
06/24/2021,21:00:00,20
06/24/2021,22:00:00,20
06/24/2021,23:00:00,20
06/25/2021,00:00:00,19.8
06/25/2021,01:00:00,19.8
06/25/2021,02:00:00,19.5
06/25/2021,03:00:00,
06/25/2021,04:00:00,19.1
06/25/2021,05:00:00,19
06/25/2021,06:00:00,19.1
06/25/2021,07:00:00,20.3
06/25/2021,08:00:00,21.8
06/25/2021,09:00:00,23.2
06/25/2021,10:00:00,24.8
06/25/2021,11:00:00,25
06/25/2021,12:00:00,25.6
06/25/2021,13:00:00,25.8
06/25/2021,14:00:00,26.4
06/25/2021,15:00:00,25.8
06/25/2021,16:00:00,23.8
06/25/2021,17:00:00,23.6
06/25/2021,18:00:00,22
06/25/2021,19:00:00,21
06/25/2021,20:00:00,20.8
06/25/2021,21:00:00,20.3
06/25/2021,22:00:00,20
06/25/2021,23:00:00,20
06/26/2021,00:00:00,19.8
06/26/2021,01:00:00,19
06/26/2021,02:00:00,18.6
06/26/2021,03:00:00,18.2
06/26/2021,04:00:00,17.7
06/26/2021,05:00:00,17.6
06/26/2021,06:00:00,17.7
06/26/2021,07:00:00,19.3
06/26/2021,08:00:00,21.3
06/26/2021,09:00:00,23.9
06/26/2021,10:00:00,24.8
06/26/2021,11:00:00,26
06/26/2021,12:00:00,26.8
06/26/2021,13:00:00,28.4
06/26/2021,14:00:00,28
06/26/2021,15:00:00,27.6
06/26/2021,16:00:00,27.6
06/26/2021,17:00:00,26.4
06/26/2021,18:00:00,24
06/26/2021,19:00:00,23
06/26/2021,20:00:00,22
06/26/2021,21:00:00,21.1
06/26/2021,22:00:00,20.3
06/26/2021,23:00:00,20
06/27/2021,00:00:00,19
06/27/2021,01:00:00,18.4
06/27/2021,02:00:00,18.2
06/27/2021,03:00:00,18.1
06/27/2021,04:00:00,17.7
06/27/2021,05:00:00,17.6
06/27/2021,06:00:00,17.7
06/27/2021,07:00:00,18.4
06/27/2021,08:00:00,20.2
06/27/2021,09:00:00,22.2
06/27/2021,10:00:00,25
06/27/2021,11:00:00,25.3
06/27/2021,12:00:00,26.6
06/27/2021,13:00:00,27.6
06/27/2021,14:00:00,28.1
06/27/2021,15:00:00,27.4
06/27/2021,16:00:00,26.5
06/27/2021,17:00:00,24.4
06/27/2021,18:00:00,22.8
06/27/2021,19:00:00,21.8
06/27/2021,20:00:00,21
06/27/2021,21:00:00,20.1
06/27/2021,22:00:00,20
06/27/2021,23:00:00,19.8
06/28/2021,00:00:00,18.8
06/28/2021,01:00:00,18.3
06/28/2021,02:00:00,18.6
06/28/2021,03:00:00,19
06/28/2021,04:00:00,19.1
06/28/2021,05:00:00,18.5
06/28/2021,06:00:00,18.5
06/28/2021,07:00:00,20
06/28/2021,08:00:00,22
06/28/2021,09:00:00,24.1
06/28/2021,10:00:00,25.1
06/28/2021,11:00:00,25.5
06/28/2021,12:00:00,27.4
06/28/2021,13:00:00,27.2
06/28/2021,14:00:00,28.1
06/28/2021,15:00:00,27.8
06/28/2021,16:00:00,26.9
06/28/2021,17:00:00,24.6
06/28/2021,18:00:00,23
06/28/2021,19:00:00,22
06/28/2021,20:00:00,21.8
06/28/2021,21:00:00,20.8
06/28/2021,22:00:00,20
06/28/2021,23:00:00,19.8
06/29/2021,00:00:00,19
06/29/2021,01:00:00,19
06/29/2021,02:00:00,18.2
06/29/2021,03:00:00,17.7
06/29/2021,04:00:00,17.6
06/29/2021,05:00:00,17.2
06/29/2021,06:00:00,17.6
06/29/2021,07:00:00,18.7
06/29/2021,08:00:00,21.3
06/29/2021,09:00:00,24
06/29/2021,10:00:00,25.8
06/29/2021,11:00:00,27
06/29/2021,12:00:00,28
06/29/2021,13:00:00,28
06/29/2021,14:00:00,28.3
06/29/2021,15:00:00,28.2
06/29/2021,16:00:00,27.2
06/29/2021,17:00:00,25.4
06/29/2021,18:00:00,24.6
06/29/2021,19:00:00,23.6
06/29/2021,20:00:00,22.6
06/29/2021,21:00:00,21.8
06/29/2021,22:00:00,21.8
06/29/2021,23:00:00,21.6
06/30/2021,00:00:00,21